<?xml version="1.0" encoding="UTF-8"?>
<project-private xmlns="http://www.netbeans.org/ns/project-private/1">
    <editor-bookmarks xmlns="http://www.netbeans.org/ns/editor-bookmarks/2" lastBookmarkId="0"/>
    <open-files xmlns="http://www.netbeans.org/ns/projectui-open-files/2">
        <group>
            <file>file:/C:/Users/angel/Desktop/MakerC3D-master/src/org/compi2/codigo3d/parser/lexico.flex</file>
            <file>file:/C:/Users/angel/Desktop/MakerC3D-master/src/org/compi2/codigo3d/parser/parser.java</file>
            <file>file:/C:/Users/angel/Desktop/MakerC3D-master/src/org/compi2/codigo3d/Inicio.java</file>
            <file>file:/C:/Users/angel/Desktop/MakerC3D-master/README.md</file>
            <file>file:/C:/Users/angel/Desktop/MakerC3D-master/src/org/compi2/codigo3d/parser/ControlC3D.java</file>
        </group>
    </open-files>
</project-private>
